[{"index":0,"pertanyaan":"Matahari tenggelam di sebelah…","jawaban":"Gawat","deskripsi":"Gawat kalau matahari tenggelam di sebelah kita"},{"index":1,"pertanyaan":"Galang menyimpan buku di…","jawaban":"Mas","deskripsi":"Bukunya dimas dipinjam galang kemarin sore."},{"index":2,"pertanyaan":"Bersatu kita teguh bercerai kita——-","jawaban":"Sedih","deskripsi":"Siapa yang gak sedih cerai sama istri??"},{"index":3,"pertanyaan":"Makanan yang dibungkus daun pisang?","jawaban":"Lontong","deskripsi":"Gampang kan? suka ga sama lontong?"},{"index":4,"pertanyaan":"Apabila mengendarai mobil wajib bawa","jawaban":"Satu","deskripsi":"Kalo bawa 2 gimana mengendarainya"},{"index":5,"pertanyaan":"Mawar melati semuanya…","jawaban":"Bunga","deskripsi":"Kalo bukan bunga apa coba, hewan?"},{"index":6,"pertanyaan":"Jangan membuang tisu di…","jawaban":"Tempatnya","deskripsi":"Masih di tempatnya kok di buang"},{"index":7,"pertanyaan":"Ketika _____ orang biasanya makan.","jawaban":"Marah","deskripsi":"Orang marah apa enggak ya pasti makan.."},{"index":8,"pertanyaan":"Burung adalah hewan yang bisa..","jawaban":"Temenan","deskripsi":"Kan kalo terbang rame-rame kan sama temennya.."},{"index":9,"pertanyaan":"Hewan yang suka buka mulut lebar","jawaban":"Kenaflu","deskripsi":"Itu karena ga bisa napas idungnya mampet.."},{"index":10,"pertanyaan":"Hewan yang berubah warna kalau ada musuhnya?","jawaban":"Bengong","deskripsi":"Karena, musuhnya bengong lihat hewan berubah warna"},{"index":11,"pertanyaan":"Artis wanita yang punya kumis tipis","jawaban":"Ihkumisan","deskripsi":"Ih kok kumisan sih.."},{"index":12,"pertanyaan":"Pintu biasa di….","jawaban":"Tekan","deskripsi":"Klau anda biasa keatm kan pin ditekan"},{"index":13,"pertanyaan":"Lebak bulus","jawaban":"Terkenal","deskripsi":"Karena lebak bulus,cililitan semua orang tau maka nya terkenal"},{"index":14,"pertanyaan":"Seorang matador bisa terluka karena diseruduk..","jawaban":"Biskota","deskripsi":"Mau banteng, mau bis kota, tetep aja bisa terluka.."},{"index":15,"pertanyaan":"Cermin jika di lap jadi…","jawaban":"Cermin","deskripsi":"Ya masa berubah, yaal tetap cermin"},{"index":16,"pertanyaan":"Batik merupakan produk asli dari…","jawaban":"Manusia","deskripsi":"Sejauh ini belum ada mahluk lain yang bisa"},{"index":17,"pertanyaan":"Kendaraan yang suka dipake tukang ojek?","jawaban":"Mogok","deskripsi":"Motor emang suka mogok"},{"index":18,"pertanyaan":"Binatang apa yang ga bisa bergerak?","jawaban":"Paus","deskripsi":"Kalau game di paus(e) kan berhenti main nya"},{"index":19,"pertanyaan":"Sehabis olahraga","jawaban":"Airminum","deskripsi":"Abis olahraga pasti haus kan"},{"index":20,"pertanyaan":"Di tiup angin berkibar di setiap negara","jawaban":"Jemuran","deskripsi":"Disetiap negara orang menjemur pakaiannya"},{"index":21,"pertanyaan":"Kalo haus minum","jawaban":"Aja","deskripsi":"Minum aja ntar juga ga aus"},{"index":22,"pertanyaan":"Yang bikin harum","jawaban":"Pfffht","deskripsi":"Kan bunyi pengharum ruangan pffht"},{"index":23,"pertanyaan":"Hayam wuruk memerintah kerajaan?","jawaban":"Jamandulu","deskripsi":"Ya iyalah… masa jaman sekarang"},{"index":24,"pertanyaan":"Malam apa yang paling indah?","jawaban":"Malamarkamu","deskripsi":"Eaa…eaa…eaa.."},{"index":25,"pertanyaan":"Makanan khas indonesia dari kedelai yang sudah mendunia","jawaban":"Lezat","deskripsi":"Memang tempe lezat nan bergizi"},{"index":26,"pertanyaan":"Hewan tinggal disawah","jawaban":"Bandel","deskripsi":"Lintah tinggalnya disungai suka hisap darah orang.ya,sudah bandel namanya"},{"index":27,"pertanyaan":"Makanan harus di….","jawaban":"Masak","deskripsi":"Coba aja makan nasi yang nggak dimasak"},{"index":28,"pertanyaan":"Ibukota indonesia","jawaban":"Udahada","deskripsi":"Yg belum ada itu ibukota jakarta"},{"index":29,"pertanyaan":"Di palembang terdapat jembatan..","jawaban":"Anjlok","deskripsi":"Namanya aja jembatan, kan bisa aja rusak.."},{"index":30,"pertanyaan":"Orang berolah raga biar..","jawaban":"Inlah","deskripsi":"Jangan dilarang-larang kalo orang mau sehat.."},{"index":31,"pertanyaan":"Ibu menjahit dengan jarum dan..","jawaban":"Serius","deskripsi":"Ya harus serius dong, biar selesai.."},{"index":32,"pertanyaan":"Kata untuk menyapa orang batak di medan","jawaban":"Hallo","deskripsi":"Klo ga bales berati lagi sibuk ya kak"},{"index":33,"pertanyaan":"Burung besi di sebut juga..","jawaban":"Pesanan","deskripsi":"Yang mesen burungnya. minta di buat dari besi"},{"index":34,"pertanyaan":"Sumur itu berbentuk?","jawaban":"Lubang","deskripsi":"Pasti lubang kalo ga ada lubangnya namanya bukan sumur"},{"index":35,"pertanyaan":"Tanda kalau kucing marah ekornya?","jawaban":"Satu","deskripsi":"Karena kalau bukan satu namanya bukan kucing"},{"index":36,"pertanyaan":"Buah apa yang sering dibawa pas lagi main kerumah pacar?","jawaban":"Apel","deskripsi":"Ya kan kalo main ke rumah pacar sering ngapel.."},{"index":37,"pertanyaan":"Baju disimpan orang di…","jawaban":"Anyari","deskripsi":"Kalo ibu pasti simpen di lemari, kalo orang lain tau dmana.."},{"index":38,"pertanyaan":"Buah-buah apa yang tua","jawaban":"Singkong","deskripsi":"Kan si – ngkong gimana si vrohh"},{"index":39,"pertanyaan":"Tidak pintar pelajaran","jawaban":"Boleh","deskripsi":"Pelajaran tidak pintar boleh, tidak dipelajari tidak boleh"},{"index":40,"pertanyaan":"Hewan yang besar namanya","jawaban":"Gemuk","deskripsi":"Karena hewan yg badan nya besar pasti gemuk"},{"index":41,"pertanyaan":"Ada di akhir cerita..","jawaban":"Tdana","deskripsi":"Bener kan ? ada huruf t dan a"},{"index":42,"pertanyaan":"Sd adalah sekolah","jawaban":"Damai","deskripsi":"Semoga semua sekolah damai, beprestasi muridnya"},{"index":43,"pertanyaan":"Kalau haus minum","jawaban":"Masak","deskripsi":"Makanan nya belom mateng, jadi harus dimasak dulu"},{"index":44,"pertanyaan":"Pasang bendera di…","jawaban":"Tarik","deskripsi":"Kalo ga ditarik ga naik benderanya"},{"index":45,"pertanyaan":"Jalannya luas gak bisa lewat","jawaban":"Ludah","deskripsi":"Udah saya cobain sendiri, susah…"},{"index":46,"pertanyaan":"Sebelum di minum kopi di","jawaban":"Mulut","deskripsi":"Sebelum di minum pasti di taruh mulut"},{"index":47,"pertanyaan":"Temannya nobita..","jawaban":"Sedikit","deskripsi":"Coba aja itung ada berapa, sedikit kan?"},{"index":48,"pertanyaan":"Mandi biar…","jawaban":"Byuur","deskripsi":"Segeerr, kamu sudah mandi belum?"},{"index":49,"pertanyaan":"Monumen jakarta itu","jawaban":"Keras","deskripsi":"Coba aja kamu gigit"},{"index":50,"pertanyaan":"Ayam apa yang gede banget?","jawaban":"Ayamsemesta","deskripsi":"Gede bener kan itu!"},{"index":51,"pertanyaan":"Alat musik tiup..","jawaban":"Sudahada","deskripsi":"Emang udah ada kan, banyak lho jenisnya.."},{"index":52,"pertanyaan":"Di dalam perpustakaan tidak boleh..","jawaban":"Keramas","deskripsi":"Nanti bukunya basah semua doong.."},{"index":53,"pertanyaan":"Rizky febian lahir di","jawaban":"Gendong","deskripsi":"Ya di gendong dulu lah masa langsung di mandiin"},{"index":54,"pertanyaan":"Para pejuang melawan penjajah dengan senjata??","jawaban":"Bikinsendiri","deskripsi":"Klo gak bikin sendiri lah trus dibikinin siapa"},{"index":55,"pertanyaan":"Kakak mengantar adik sekolah sampai","jawaban":"Capek","deskripsi":"Nganter nya di gendong"},{"index":56,"pertanyaan":"Orang sakit minum?","jawaban":"Oiya","deskripsi":"Sakit minum yang banyak yah, biar cepet sembuh"},{"index":57,"pertanyaan":"Pesawat mendarat di…","jawaban":"Bantuin","deskripsi":"Pilot, co-pilot, operator bandara dan lain-lain.."},{"index":58,"pertanyaan":"Di rumah ada adik","jawaban":"Masak","deskripsi":"Hmm kira kira lagi masak apa yah…"},{"index":59,"pertanyaan":"Pelat nomer kendaraan a berasal dari?","jawaban":"Samsat","deskripsi":"Karena samsat merupakan institusi yg berhak mengeluarkan plat kendaraan bermotor.."},{"index":60,"pertanyaan":"Hujan deres bikin …","jawaban":"Basah","deskripsi":"Kalau panas pasti kering"},{"index":61,"pertanyaan":"Makan dianjurkan pakai tangan…","jawaban":"Benar","deskripsi":"Kanan atau kiri boleh kok, kanan lebih bagus sih katanya"},{"index":62,"pertanyaan":"Apa yang tidak boleh di bawa kepesawat","jawaban":"Sendiri","deskripsi":"Karena kalo kita bawa sendiri nanti jatuh"},{"index":63,"pertanyaan":"Alpukat","jawaban":"Bisa","deskripsi":"Memang bisa disebut"},{"index":64,"pertanyaan":"Bekas pacar disebut","jawaban":"Jangan","deskripsi":"Nanti pacar yang sekarang marah"},{"index":65,"pertanyaan":"Di akuarium ada ikan 10 mati 2 tinggal","jawaban":"Dibuang","deskripsi":"Kalo ga di buang, ikan yang laen jadi ikutan mati"},{"index":66,"pertanyaan":"Tidak masuk kerja karena hari..","jawaban":"Diphk","deskripsi":"Ya kan si hari kalo di phk ga usah masuk kerja lagi.."},{"index":67,"pertanyaan":"Tinky winky","jawaban":"Tenarsekali","deskripsi":"Nama nama tersebut sudah terkenal di semua kalangan"},{"index":68,"pertanyaan":"Cicak jatuh ke…","jawaban":"Bacok","deskripsi":"Di bacok mah jatuh"},{"index":69,"pertanyaan":"Mulutmu ………..","jawaban":"Hanyasatu","deskripsi":"Mulut kan emang cuma satu"},{"index":70,"pertanyaan":"Yang menyebabkan haus saat romadhon","jawaban":"Cuaca","deskripsi":"Kalo panas pasti bikin haus, kalau puasa laper juga yah…"},{"index":71,"pertanyaan":"Kirimin uang lewat atm?","jawaban":"Thanksya","deskripsi":"Thanks ya sudah diterima"},{"index":72,"pertanyaan":"Burung terbang dengan?","jawaban":"Semaunya","deskripsi":"Iya kali kucing terbang.."},{"index":73,"pertanyaan":"Ada udang di balik…","jawaban":"Gnadu","deskripsi":"Itu fakta"},{"index":74,"pertanyaan":"Es es apa yang bisa jalan","jawaban":"Eskalator","deskripsi":"Kalau ga jalan bukan es kalator tapi tangga kalator"},{"index":75,"pertanyaan":"Hati senang walaupun tak punya","jawaban":"Kaca","deskripsi":"Kaca juga gak penting penting amat"},{"index":76,"pertanyaan":"Suami bu camat?","jawaban":"Laki","deskripsi":"Karena kalo gak laki lesbi, dosa…"},{"index":77,"pertanyaan":"Tak kenal maka tak","jawaban":"Undang","deskripsi":"Orang ga kenal masak di undang"},{"index":78,"pertanyaan":"Hewan yang melolong dimalam hari…","jawaban":"Terinjak","deskripsi":"Kasian kaki nya keinjak"},{"index":79,"pertanyaan":"Api dipegang terasa?","jawaban":"Susah","deskripsi":"Api dipegang susah lah panas lagi"},{"index":80,"pertanyaan":"Dalam permainan bulutangkis","jawaban":"Iya","deskripsi":"Coba nonton bulutangkis pasti nama indonesia disingkat"},{"index":81,"pertanyaan":"Ada guling ada…","jawaban":"Benang","deskripsi":"Kalo ga ada benang jahitnya pake apa"},{"index":82,"pertanyaan":"Andi basah kuyup karena?","jawaban":"Husen","deskripsi":"Karena diceburin si husen ke kolam, nakal banget yah…"},{"index":83,"pertanyaan":"Matahari terbenam hari mulai","jawaban":"Pulang","deskripsi":"Udah malam kalo gak pulang, hari dicariin ibunya"},{"index":84,"pertanyaan":"Supaya bersih kita mandi dengan……..","jawaban":"Yakin","deskripsi":"Kalo nggak yakin mending nggak usah mandi……."},{"index":85,"pertanyaan":"Orang berjalan di atas air tidak pakai","jawaban":"Otak","deskripsi":"Udah tau ada jalanan kenapa harus jalan di air"},{"index":86,"pertanyaan":"Seorang anak belajar biar…","jawaban":"Kanaja","deskripsi":"Klo dilarang, ntar gak pintar-pintar"},{"index":87,"pertanyaan":"Hewan pemakan segala?","jawaban":"Rakus","deskripsi":"Semuanya dimakan"},{"index":88,"pertanyaan":"Burung terbang menggunakan..","jawaban":"Semangat","deskripsi":"Klo ga semangat pasti lemes tuh.."},{"index":89,"pertanyaan":"Beli lampu biasanya di","jawaban":"Coba","deskripsi":"Anda kalau beli lampu pasti dicoba dulu"},{"index":90,"pertanyaan":"Jangan berteman dengan orang","jawaban":"Hilang","deskripsi":"Gimana cara nya…"},{"index":91,"pertanyaan":"Orang menyebrang sungai biasanya dibangun…","jawaban":"Kanjalan","deskripsi":"Masa orang nyebrang gak pake jalan"},{"index":92,"pertanyaan":"Ketika lapar biasanya?","jawaban":"Malas","deskripsi":"Karena tidak punya tenaga jadinya malas"},{"index":93,"pertanyaan":"Rajin pangkal…","jawaban":"Punya","deskripsi":"Kalo ga rajin ya ga dapat hasil"},{"index":94,"pertanyaan":"Badan usaha milik negara bisa disingkat ….","jawaban":"Bisa","deskripsi":"Emang bisa disingkat kan"},{"index":95,"pertanyaan":"Genteng dibuat karena","jawaban":"Butuh","deskripsi":"Kalo nggak butuh ngapain buat genteng"},{"index":96,"pertanyaan":"Jawab dengan benar. dunia ini terdiri dari lima …","jawaban":"Benar","deskripsi":"Kan sudah saya bilang jawab dengan benar"},{"index":97,"pertanyaan":"Kalo mau naik kereta biasanya di…","jawaban":"Anterin","deskripsi":"Iya lah dianterin ke stasiunya, entah itu yang ngaterin saudara, temen, atau tukang ojek."},{"index":98,"pertanyaan":"Gosoklah gigi sebelum ?","jawaban":"Ancur","deskripsi":"Kalau udah ancur susah gosoknya"},{"index":99,"pertanyaan":"Orang bingung mikir","jawaban":"Sangatlama","deskripsi":"Yaaa..kaya kamu itu"},{"index":100,"pertanyaan":"Kecoa","jawaban":"Bedabeda","deskripsi":"Kalo disebutnya sama jadinya, semut..semut..semut.."},{"index":101,"pertanyaan":"Presiden pertama indonesia","jawaban":"Seorang","deskripsi":"Memang pasti satu"},{"index":102,"pertanyaan":"Orang biasa mengirim surat di…","jawaban":"Kantongin","deskripsi":"Dikantongin dulu, baru ke kantorpos"},{"index":103,"pertanyaan":"Perbedaan kambing dengan domba","jawaban":"Dikit","deskripsi":"Beda bulu saja coy"},{"index":104,"pertanyaan":"Berakit-rakit ke hulu","jawaban":"Sungai","deskripsi":"Sebenernya bisa ke danau, tapi saya lagi kepingin sungai.."},{"index":105,"pertanyaan":"Olahraga membuat badan…","jawaban":"Salah","deskripsi":"Ya masa olahraga membuat badan,ya salah!!"},{"index":106,"pertanyaan":"Yang pertama menemukan benua amerika","jawaban":"Bukangue","deskripsi":"Ya emang bukan gue, yang nemuin tu colombus.."},{"index":107,"pertanyaan":"Malam apa yang menyedihkan","jawaban":"Malamun","deskripsi":"Iya, kayak kamu..jangan sedih…puk..puk.."},{"index":108,"pertanyaan":"Satu ditambah satu..","jawaban":"Dua","deskripsi":"Gitu aja susah.."},{"index":109,"pertanyaan":"Sma adalah sekolah menengah..","jawaban":"Aman","deskripsi":"Kalo ga aman namanya bukan sekolahan.."},{"index":110,"pertanyaan":"Apakah yang dilakukan orang ketika sakit?","jawaban":"Pulang","deskripsi":"Bener kan pulang.. kan lagi sakit, gimana sih.."},{"index":111,"pertanyaan":"Yang suka makan pisang?","jawaban":"Banyak","deskripsi":"Gak cuma monyet yang suka, dari kalian ada yang suka kan?"},{"index":112,"pertanyaan":"Menjelang lebaran kita tidak diwajibkan membeli?","jawaban":"Paku","deskripsi":"Ngapain beli paku mending beli baju"},{"index":113,"pertanyaan":"Tulang yg berwarna biru apa ayo…","jawaban":"Tulangit","deskripsi":"Warnanya biru kan"},{"index":114,"pertanyaan":"Sebelum terbang biasanya pilot..","jawaban":"Pamitan","deskripsi":"Biar ga dicariin kayaknya.."},{"index":115,"pertanyaan":"Temen yang susah ditemui biasa lagi","jawaban":"Pdkt","deskripsi":"Cieee eee cieee"},{"index":116,"pertanyaan":"Kura-kura dibalik?","jawaban":"Kasihan","deskripsi":"Kasihan dong nanti ga mbalik-mbalik lagi"},{"index":117,"pertanyaan":"Sepuluh di tambah enam sama dengan enam……","jawaban":"Salah","deskripsi":"Sepuluh di tambah enam ko enam"},{"index":118,"pertanyaan":"Mobil tidak bisa jalan maju sebab…","jawaban":"Parkir","deskripsi":"Lagian ngapain mobil parkir di majuin"},{"index":119,"pertanyaan":"Nama binatang yang di ulang..","jawaban":"Jarang","deskripsi":"Jarang kan coba sebutkan.."},{"index":120,"pertanyaan":"Lari itu bikin","jawaban":"Salah","deskripsi":"Lari ya lari, bikin ya bikin.."},{"index":121,"pertanyaan":"Telor apa yang sering ditakuti..","jawaban":"Telorasin","deskripsi":"Liat tuh ada tato nya, bikin ngeri,,"},{"index":122,"pertanyaan":"Yang tersedia dirumah makan padang","jawaban":"Recehan","deskripsi":"Biar ada kembaliannya kan.."},{"index":123,"pertanyaan":"Indonesia negara dengan tanah?","jawaban":"Airbeta","deskripsi":"Merdekaaaa.."},{"index":124,"pertanyaan":"Tidak ditemukan","jawaban":"Dicuri","deskripsi":"Maling emang kurang ajar"},{"index":125,"pertanyaan":"Yang membatalkan puasa","jawaban":"Adzan","deskripsi":"Kirain udah adzan mahgrib, ternyata masih dzuhur"},{"index":126,"pertanyaan":"Hewan yang ada di kebun binatang","jawaban":"Iya","deskripsi":"Iya betulkan hewan ada di kebun binatang"},{"index":127,"pertanyaan":"Apa fungsi rem?","jawaban":"Ngebut","deskripsi":"Coba kalau ga ada rem. berani kalian ngebut?"},{"index":128,"pertanyaan":"Nenek moyangku seorang","jawaban":"Pelatih","deskripsi":"Lah itu nenek saya, jadi terserah saya dong."},{"index":129,"pertanyaan":"Air yang turun dari langit disebut?","jawaban":"Hebat","deskripsi":"Kan hebat hujan bisa turun dari langit"},{"index":130,"pertanyaan":"Ukuran tegangan listrik","jawaban":"Waaw","deskripsi":"Nah, kalo teriak waaw nya kenceng tu berarti tegangannya gede.."},{"index":131,"pertanyaan":"Hewan melompat","jawaban":"Kagetloh","deskripsi":"Kalau ada hewan tiba tiba lompat pasti kaget"},{"index":132,"pertanyaan":"Sepeda motor bisa berjalan karena rodanya berbentuk . .","jawaban":"Biasa","deskripsi":"Kalo gak biasa, roda berbentuk kubus kan gak biasa itu."},{"index":133,"pertanyaan":"Kebiasaan apa yang sering dilakukan supir angkot?","jawaban":"Narik","deskripsi":"Ya kalo ga narik anak istri makan apa dong?"},{"index":134,"pertanyaan":"Kalo gak kemana mana namanya","jawaban":"Jodoh","deskripsi":"Ciye kalo jodoh gak bakalan kemana mana"},{"index":135,"pertanyaan":"Ubi &amp; singkong biasanya ditanam orang di…..","jawaban":"Kubur","deskripsi":"Bisa dipanen pada usia 6-8 bulan"},{"index":136,"pertanyaan":"Koran disebut surat……","jawaban":"Salah","deskripsi":"Koran kok surat …"},{"index":137,"pertanyaan":"Orang yang membantu menggunakan sabuk pengaman dan melayani kita di dalam pesawat disebut..","jawaban":"Orangbaik","deskripsi":"Ya namanya orang baik kan suka membantu.."},{"index":138,"pertanyaan":"Hewan berkelompok","jawaban":"Gerah","deskripsi":"Kan di dalam sarangnya banyakan jadi gerah"},{"index":139,"pertanyaan":"Yang sering mendapat nilai 100 saat ulangan..","jawaban":"Kertas","deskripsi":"Nilai 100 nya ada diatas kertas bukan?"},{"index":140,"pertanyaan":"Tidak kering-kering karena masih..","jawaban":"Getar","deskripsi":"Ya hape nya ga bunyi kring, makanya getar.."},{"index":141,"pertanyaan":"Andi punya sepuluh buah apel","jawaban":"Sepuluh","deskripsi":"Si andi pelit emang ga mau kasih apel nya"},{"index":142,"pertanyaan":"Yang bisa menangkap penjahat di malam hari..","jawaban":"Bangga","deskripsi":"Bangga dong bisa nangkap penjahat, ya gak?"},{"index":143,"pertanyaan":"Vokalis naif……","jawaban":"Dikit","deskripsi":"Setau saya david doang, satu dikit kan?"},{"index":144,"pertanyaan":"Makan ketoprak sama gado gado kurang enak tanpa…","jawaban":"Ketelen","deskripsi":"Karna kalo kaga ketelen kaga bisa rasain"},{"index":145,"pertanyaan":"Hewan yang mempunyai sembilan nyawa adalah","jawaban":"Mustahil","deskripsi":"Karena setiap makhluk hidup cuma punya satu nyawa"},{"index":146,"pertanyaan":"Makanan pokok indonesia dari zaman dulu","jawaban":"Basi","deskripsi":"Iya basi la… orang dari zaman dulu"},{"index":147,"pertanyaan":"Tak ada …. yang retak","jawaban":"Beling","deskripsi":"Namanya beling pasti retak.."},{"index":148,"pertanyaan":"Biasanya orang minum pil karena..","jawaban":"Ingat","deskripsi":"Bisa vitamin bisa obat"},{"index":149,"pertanyaan":"Beras asal nya dari ?","jawaban":"Bumi","deskripsi":"Padi berasal dari bumi, betul?"},{"index":150,"pertanyaan":"Cara berhenti merokok adalah?","jawaban":"Berenang","deskripsi":"Coba saja kalo tidak percaya"},{"index":151,"pertanyaan":"Ayah tidak mau makan nasi lagi karena","jawaban":"Kemakan","deskripsi":"Kalo nasi sudah kemakan kenyang"},{"index":152,"pertanyaan":"Habis delapan","jawaban":"Sembelit","deskripsi":"Banyakin sayur nya agar pencernaan lancar"},{"index":153,"pertanyaan":"Kalau mau bisa bahasa inggris","jawaban":"Keles","deskripsi":"Ya harus baca kalo ngga baca ngga mungkin bisa !"},{"index":154,"pertanyaan":"Valentino rosi adalah pembalap yang berasal dari","jawaban":"Ibunya","deskripsi":"Kalo bukan dari ibunya dari siapa"},{"index":155,"pertanyaan":"Jalan diatas sungai untuk menyeberang sungai..","jawaban":"Sembrono","deskripsi":"Masak jalan diatas sungai, kenapa ga naik jembatan.."},{"index":156,"pertanyaan":"Api lilin mati jika ditutup gelas karena kurang","jawaban":"Kerjaan","deskripsi":"Lilin sudah nyala kenapa dimatiin"},{"index":157,"pertanyaan":"Menyanyi dalam bahasa inggris?","jawaban":"Rihanna","deskripsi":"Pernah lihat rihana nyanyi bahasa indonesia?"},{"index":158,"pertanyaan":"Meja memiliki kaki …","jawaban":"Emang","deskripsi":"Emang meja punya kaki kan"},{"index":159,"pertanyaan":"Cristiano ronaldo berasal dari?","jawaban":"Papamama","deskripsi":"Benar, cr.ronaldo berasal dari papa sama mamanya"},{"index":160,"pertanyaan":"Perut buncit bahasa cina nya apa?","jawaban":"Chachingan","deskripsi":"Karna kalau perut buncit kan ada cacing nya"},{"index":161,"pertanyaan":"Ayam 1 ekor ada 2 kaki…ayam 2 kaki ada??","jawaban":"Satuekor","deskripsi":"Fokus dong fokus"},{"index":162,"pertanyaan":"Minuman yang bisa tahan ngantuk dan enak kalau lagi begadang biasanya","jawaban":"Lagi","deskripsi":"Pasti kalau enak mau nambah lagi"},{"index":163,"pertanyaan":"Orang tinggal disebelah rumah biasa disebut..","jawaban":"Rangga","deskripsi":"Ya itu tetangga saya"},{"index":164,"pertanyaan":"Nama jembatan antara surabaya dan madura","jawaban":"Sudahada","deskripsi":"Emang lah jembatan suramadu sudahada"},{"index":165,"pertanyaan":"Mamat di marahi buguru karena… sekolah","jawaban":"Bobol","deskripsi":"Kalo bobol sekolah pasti dimarahilah"},{"index":166,"pertanyaan":"Kalau haus minum","jawaban":"Tahan","deskripsi":"Belum jam istirahat, nanti dimarahin bos bisa di pecat.."},{"index":167,"pertanyaan":"Motor bocor biasanya di?","jawaban":"Bannya","deskripsi":"Kan motor bocornya diban"},{"index":168,"pertanyaan":"Tak kenal makanya tak","jawaban":"Taulah","deskripsi":"Kalo gak kenal ya tak tau lah siapa dia"},{"index":169,"pertanyaan":"Mirip dan sulit di bedakan karena anak…","jawaban":"Komodo","deskripsi":"Karena komodo sulit di bedakan"},{"index":170,"pertanyaan":"Sebelum hari senin adalah hari..","jawaban":"Libur","deskripsi":"Siapa yang bilang salah??"},{"index":171,"pertanyaan":"Dimana tempat lahir i gusti ngurah rai?","jawaban":"Bumi","deskripsi":"Indonesia masih di bumi kan?"},{"index":172,"pertanyaan":"Dari bandung ke surabaya kita menggunakan…","jawaban":"Celana","deskripsi":"Masa dari bandung ke surabaya gak pake celana..malu"},{"index":173,"pertanyaan":"Cowok yang suka senyum senyum sendiri itu tandanya…","jawaban":"Gila","deskripsi":"Sudah gejala umum"},{"index":174,"pertanyaan":"Anda datang terlambat maka anda","jawaban":"Selamat","deskripsi":"Kan udah sampai"},{"index":175,"pertanyaan":"Ada gula ada?","jawaban":"Gelas","deskripsi":"Kalau tidak ada di gelas dimakan semut"},{"index":176,"pertanyaan":"Biasanya orang meninggal di?","jawaban":"Kabarin","deskripsi":"Kasih tahu sanak saudara… baru di kuburin"},{"index":177,"pertanyaan":"Sepandai-pandainya tupai melompat pasti akan…juga","jawaban":"Jalan","deskripsi":"Masak tupai ga boleh jalan, capek kan…"},{"index":178,"pertanyaan":"Alat musik yang cara mainnya digesek..","jawaban":"Baret","deskripsi":"Jangan digesek dong, nanti baret. mahal lho belinya.."},{"index":179,"pertanyaan":"Orang apa yang dibacok gak mempan?","jawaban":"Oranggakkena","deskripsi":"Nah iya makanya gak mempan kan.."},{"index":180,"pertanyaan":"Besar ____ daripada tiang","jawaban":"Pasar","deskripsi":"Bener kan pasar lebih gede dari tiang.."},{"index":181,"pertanyaan":"Jauh di mata dekat di ..","jawaban":"Sini","deskripsi":"Kalau di mata jauh, di sini aja deket"},{"index":182,"pertanyaan":"Kuda berkaki….","jawaban":"Emang","deskripsi":"Kuda memang punya kaki"},{"index":183,"pertanyaan":"Ibu ibu ke rumah bu rt karena","jawaban":"Ngirit","deskripsi":"Ibu ibu ke rumah bu rt biasanya makan-makan buat ngirit uang di rumah"},{"index":184,"pertanyaan":"Bisa ditarik tapi tidak bisa dilihat","jawaban":"Kuping","deskripsi":"Silahkan di coba…"},{"index":185,"pertanyaan":"Dalam pelajaran biologi","jawaban":"Anaknya","deskripsi":"Kalau tidak anaknya lalu siapa"},{"index":186,"pertanyaan":"Bulu ketek di cabut","jawaban":"Sayaa","deskripsi":"Di cabut saya lah masa ama orang lain"},{"index":187,"pertanyaan":"Bangun tidur ku terus….","jawaban":"Melek","deskripsi":"Pasti pertama bangun buka mata dulu dong"},{"index":188,"pertanyaan":"Bisa sms kalo ada…","jawaban":"Hplah","deskripsi":"Kalo gak ada hp mana bisa sms"},{"index":189,"pertanyaan":"Apa yang dilakukan sebelum ke mesjid?","jawaban":"Parkir","deskripsi":"Jangankan motor …sendal aja ga boleh masuk…"},{"index":190,"pertanyaan":"Cicak suka makan","jawaban":"Banyak","deskripsi":"Kamu aja kadang nambah"},{"index":191,"pertanyaan":"Saat lulus s1","jawaban":"Sukuran","deskripsi":"Sukuran, bisa lulus sarjana.."},{"index":192,"pertanyaan":"Jangan nonton bola","jawaban":"Gajuga","deskripsi":"Selama masih ada kopi mah oke-oke aja"},{"index":193,"pertanyaan":"Ketika tidur orang biasanya..","jawaban":"Mendingan","deskripsi":"Ya kan jadi mendingan gak ngantuk lagi.."},{"index":194,"pertanyaan":"Bantal dibalik jadi….","jawaban":"Dingin","deskripsi":"Kalau gak percaya coba aja"},{"index":195,"pertanyaan":"Kendaraan yang diawali huruf b ?","jawaban":"Mobil","deskripsi":"Kendaraan yang diawal (i) huruf b, ya mobil …"},{"index":196,"pertanyaan":"Pemimpin suatu desa biasa dipanggil pak","jawaban":"Noleh","deskripsi":"Kalo dipanggil mesti noleh dong"},{"index":197,"pertanyaan":"Ada ayah","jawaban":"Hitung","deskripsi":"Supaya tidak ada yang tertinggal"},{"index":198,"pertanyaan":"Yang biasa nya ada dipantai?","jawaban":"Bibir","deskripsi":"Pinggiran pantai namanya bibir pantai dong"},{"index":199,"pertanyaan":"Duduk sama rendah","jawaban":"Kaki","deskripsi":"Kalau sama tangan susah tauk!"},{"index":200,"pertanyaan":"Ketika ada yang ulang tahun di kasih….","jawaban":"Yani","deskripsi":"Karena orang ulang tahun pasti umurnya berkurang"},{"index":201,"pertanyaan":"Bermain tenis menggunakan","jawaban":"Jaket","deskripsi":"Karena cuacanya sedang dingin"},{"index":202,"pertanyaan":"Bila anak pulang larut malam orang tua pasti..","jawaban":"Tauwaktu","deskripsi":"Kalo ga tau waktu, anaknya pulang malam dikira siang"},{"index":203,"pertanyaan":"Bandung lautan ?","jawaban":"Air","deskripsi":"Karena air di laut"},{"index":204,"pertanyaan":"Supaya aman mobil jalan harus ada..","jawaban":"Kita","deskripsi":"Kalo mobil jalan tanpa kita itu namanya gelinding"},{"index":205,"pertanyaan":"Burung hewan yang bisa?","jawaban":"Temenan","deskripsi":"Kalo terbangnya rame-rame kan sama temennya"},{"index":206,"pertanyaan":"Supaya bersih kita mandi dengan","jawaban":"Yakin","deskripsi":"Klo ga yakin mending ga usah mandi"},{"index":207,"pertanyaan":"Ada api pasti ada…","jawaban":"Anya","deskripsi":"Ya ada a nya,kalo ngga ada a jadi pi dong"},{"index":208,"pertanyaan":"Lieonel messi bermain sepak bola di","jawaban":"Beriuang","deskripsi":"Banyak banget lagi…"},{"index":209,"pertanyaan":"Masakan terasa hambar","jawaban":"Saran","deskripsi":"Kasih saran tuh yang masak, semoga lain kali lebih baik"},{"index":210,"pertanyaan":"Puasa dibulan?","jawaban":"Kejauhan","deskripsi":"Puasa dibumi aja belum becus,sok-sokan puasa dibulan"},{"index":211,"pertanyaan":"Daun daun apa yang bisa di makan?","jawaban":"Daunat","deskripsi":"Enak kan di makan, apalagi rasa coklat"},{"index":212,"pertanyaan":"Lari jarak jauh..","jawaban":"Minggat","deskripsi":"Kalo deket namanya bukan minggat,,"},{"index":213,"pertanyaan":"Huruf?","jawaban":"Abdxt","deskripsi":"Semua itu huruf, benar?"},{"index":214,"pertanyaan":"Ketika mandi biasanya orang menggosok…","jawaban":"Pipi","deskripsi":"Kan biar cakep! bener kan?"},{"index":215,"pertanyaan":"Nyarinya susah","jawaban":"Ngupil","deskripsi":"Hayo kamu suka ngupil juga ya?"},{"index":216,"pertanyaan":"Sayur yang enak sekali","jawaban":"Ludes","deskripsi":"Sayur enak emang cepet ludes"},{"index":217,"pertanyaan":"Mengatasi kemacetan dengan?","jawaban":"Pelumas","deskripsi":"Coba aja pagar rumah anda macet dikasih pelumas! pasti lancarr"},{"index":218,"pertanyaan":"Suara alat musik jreeng","jawaban":"Getar","deskripsi":"Pas jreeeng… gitar getar dong…"},{"index":219,"pertanyaan":"Di panggil gak nengok","jawaban":"Badak","deskripsi":"Coba panggil pasti tidak bakal nengok"},{"index":220,"pertanyaan":"Apa yang paling ditakuti anak sd?","jawaban":"Disuntik","deskripsi":"Ada yang hobi disuntik?!"},{"index":221,"pertanyaan":"Jakarta biasanya….","jawaban":"Platb","deskripsi":"Karena jakarta no platnya b,biasanya panas"},{"index":222,"pertanyaan":"Negara yang memiliki banyak kincir angin di…","jawaban":"Petaada","deskripsi":"Benar bukan?"},{"index":223,"pertanyaan":"Apa yang dilakukan ketika masuk sekolah?","jawaban":"Mintaanter","deskripsi":"Huh dasar anak-anak.."},{"index":224,"pertanyaan":"Sebelum jadi nasi ?","jawaban":"Keras","deskripsi":"Nasi kan lembek, sebelum lebek dia keras kan ?"},{"index":225,"pertanyaan":"Pak tani menanam pa didi","jawaban":"Lewat","deskripsi":"Pa’ didi lewat mau kepasar sepertinya"},{"index":226,"pertanyaan":"Rokok jika dibakar mengeluarkan","jawaban":"Anak","deskripsi":"Rokok depan anak tidak baik, maka keluarin dulu anaknya dari ruang rokok"},{"index":227,"pertanyaan":"Kucing diatas pohon kalau turun apanya dulu?","jawaban":"Niatnya","deskripsi":"Kalau ada niat pasti ada jalan!"},{"index":228,"pertanyaan":"Cuci piring harus dengan …","jawaban":"Sadar","deskripsi":"Kalau ga sadar, piring nya gak tercuci ,malah pecah…"},{"index":229,"pertanyaan":"Mawar bertemu pacar malam hari di..","jawaban":"Marahi","deskripsi":"Kata nenek itu ga baik"},{"index":230,"pertanyaan":"Seorang wakil rakyat bisa ke senayan dengan menggunakan jalur..","jawaban":"Viatol","deskripsi":"Nah keluar tol di semanggi, sampe tuh senayan.."},{"index":231,"pertanyaan":"Apa bedanya motor ama sepeda","jawaban":"Jelas","deskripsi":"Dah tau beda pake mikir"},{"index":232,"pertanyaan":"Gigi nempel di?","jawaban":"Kaki","deskripsi":"Naek motor ganti gigi di kaki"},{"index":233,"pertanyaan":"Sungai yang ada dikalimantan","jawaban":"Banyak","deskripsi":"Ada sungai barito,sungai kapuas,sungai kahayan dll"},{"index":234,"pertanyaan":"Ikan bernapas dengan…","jawaban":"Izintuhan","deskripsi":"Kalau gak diizinin gak bisa bernapas"},{"index":235,"pertanyaan":"Makanan pedas karena…","jawaban":"Manya","deskripsi":"Kare namanya, kalo kecut ketek namanya"},{"index":236,"pertanyaan":"Biasa ada di pinggir jalan","jawaban":"Pdicoret","deskripsi":"Itu tanda nya di larang parkir yah"},{"index":237,"pertanyaan":"Ibu yang baik harusnya…","jawaban":"Ibukita","deskripsi":"Tidak akan pernah bisa dibalas kebaikannya"},{"index":238,"pertanyaan":"Obat ampuh darah rendah ?","jawaban":"Ludahin","deskripsi":"Kalo orang yang darah rendah di ludahin pasti langsung darah tinggi"},{"index":239,"pertanyaan":"Yang dipukul petinju","jawaban":"Santai","deskripsi":"Yang saling mukul petinju kita yang lihat mah santai"},{"index":240,"pertanyaan":"Cilok cilok apa yang bisa senengin bayi","jawaban":"Cilokba","deskripsi":"Cilook baaa ih lutu banget…."},{"index":241,"pertanyaan":"Alat musik tiup","jawaban":"Sulitloh","deskripsi":"Main seruling kan sulit"},{"index":242,"pertanyaan":"Bukan sulap","jawaban":"Sulap","deskripsi":"Kalau bukan sulap ya berarti bukan sulap dong"},{"index":243,"pertanyaan":"Astronot pergi keluar?","jawaban":"Ganyari","deskripsi":"Kalo astronot pergi keluarganya pasti nyari"},{"index":244,"pertanyaan":"Tempat kita bisa melihat s ditengahnya","jawaban":"Kasur","deskripsi":"Ya iya itu tengahnya s kan?"},{"index":245,"pertanyaan":"Sandal apa yang paling enak?","jawaban":"Sandalterasi","deskripsi":"Nah kalo ini swaya juga demen!"},{"index":246,"pertanyaan":"Orang bisa berdiri dengan","jawaban":"Kuat","deskripsi":"Kalo gakuat gimana bisa berdiri"},{"index":247,"pertanyaan":"Apa yang ada di ujung laut","jawaban":"Huruft","deskripsi":"Karena pada kata laut diakhirnya adalah huruf t,gampang ya"},{"index":248,"pertanyaan":"Kaca _ _ _ _ _ . biasanya ada dijalan-jalan.","jawaban":"Ngijo","deskripsi":"Protes nilai dikurangi 50"},{"index":249,"pertanyaan":"Orang yang berbadan dua ?","jawaban":"Heboh","deskripsi":"Kalau lihat orang berbadan dua pasti bikin heboh"},{"index":250,"pertanyaan":"Orang menimba air di..","jawaban":"Tuang","deskripsi":"Abis nimba air harus dituang.."},{"index":251,"pertanyaan":"Buka gembok pakai….","jawaban":"Bunyi","deskripsi":"Klik begitu bunyi nya"},{"index":252,"pertanyaan":"Biasanya disimpan dalam karung","jawaban":"Bebas","deskripsi":"Mau beras mau pasir, bebas aja"},{"index":253,"pertanyaan":"Banteng menyeruduk menggunakan..??!","jawaban":"Tenaga","deskripsi":"Kalau gak pakai tenaga mana bisa dia menanduk."},{"index":254,"pertanyaan":"Penjara bisa heboh kalau semua napinya","jawaban":"Batuk","deskripsi":"Pasti batuknya menular ya, lagi musim nih"},{"index":255,"pertanyaan":"Kera kera apa yang diinjak nggak ngomel","jawaban":"Keramik","deskripsi":"Karena keras"},{"index":256,"pertanyaan":"Pagar makan…","jawaban":"Masasih","deskripsi":"Karena pagar gak bisa makan"},{"index":257,"pertanyaan":"Jika kita ke pasar biasanya kita bertemu…","jawaban":"Tetangga","deskripsi":"Kalo saya sih seringnya ketemu mantan.."},{"index":258,"pertanyaan":"Kenapa orang makan dengan tangan kanan?","jawaban":"Karenamakanan","deskripsi":"Kalau pakai tangan kiri namanya makiri"},{"index":259,"pertanyaan":"Pelukis yang cuma bisa gambar pelangi","jawaban":"Agung","deskripsi":"Pelukismu agung.. siapa gerangan.. pelangi2 ciptaan tuhan.."},{"index":260,"pertanyaan":"Bagian gigi yang paling belakang adalah..","jawaban":"Drumer","deskripsi":"Band nya armand maulana itu loh drummer paling belakang lah"},{"index":261,"pertanyaan":"Dapat bergerak sendiri tanpa disuruh?","jawaban":"Roboh","deskripsi":"Itu namanya dibantuin gravitasi!"},{"index":262,"pertanyaan":"Tidak boleh masuk kelas","jawaban":"Lalat","deskripsi":"Lalat ganggu pelajaran anak murid"},{"index":263,"pertanyaan":"Kebaikan orang bisa terlihat dari…","jawaban":"Anaknya","deskripsi":"Jika anaknya terawat berati dia baik"},{"index":264,"pertanyaan":"Tanda lelaki romantis itu suka…","jawaban":"Perhatian","deskripsi":"Asiiiik"},{"index":265,"pertanyaan":"Setiap orang bernapas melalui ..?","jawaban":"Lubang","deskripsi":"Kalau hidung gak pakai lubang bisa mati"},{"index":266,"pertanyaan":"Rendang merupakan makanan yang berasal dari kota yang biasa kita sebut dengan?","jawaban":"Lancar","deskripsi":"Ya, kita menyebut kota padang dengan lancar, kan?"},{"index":267,"pertanyaan":"Yang mengemudikan kapal namanya …","jawaban":"Berbeda","deskripsi":"Karena yang mengemudikan kapal ada banyak orangnya"},{"index":268,"pertanyaan":"Kalo digigit laba2 bisa jadi…","jawaban":"Sakitbadan","deskripsi":"Ingat, ini bukan dunia komik"},{"index":269,"pertanyaan":"Kalo mobil berjalan yang muter apanya?","jawaban":"Lagunya","deskripsi":"Biar ga bosen nyupir kan?!"},{"index":270,"pertanyaan":"Sebutkan salah satu contoh hewan yang jalannya lambat..","jawaban":"Serigala","deskripsi":"Serigala kan larinya kenceng, kalo jalan ya lambat.."},{"index":271,"pertanyaan":"Unggas berkaki 2 adalah","jawaban":"Bener","deskripsi":"Bener kan?"},{"index":272,"pertanyaan":"Alat musik yang digesek","jawaban":"Baret","deskripsi":"Duh kalau digesek jadi baret. kan sayang"},{"index":273,"pertanyaan":"Segalak galaknya harimau pasti ga bakal makan…","jawaban":"Alpukat","deskripsi":"Masa iya harimau doyan alpukat"},{"index":274,"pertanyaan":"Berakit kita kehulu berenang kita ke ?","jawaban":"Keair","deskripsi":"Kalo berenang ya sudah pasti di air"},{"index":275,"pertanyaan":"Orang yang bekerja di rumah sakit ?","jawaban":"Digaji","deskripsi":"Namanya juga bekerja.. ya pasti di gaji lah"},{"index":276,"pertanyaan":"Jika kita ngak pake helm kita kena","jawaban":"Panapa","deskripsi":"Kebalikan ga kenapa-napa, ya kenapanapa, kena tilang contohnya"},{"index":277,"pertanyaan":"Bangun tidur ku terus..","jawaban":"Melek","deskripsi":"Melek dlu baru mandi..segeer…"},{"index":278,"pertanyaan":"Yang mengatur pertandingan sepak bola??","jawaban":"Waktu","deskripsi":"Peraturan nya 2×45 menit..normalnya loh.."},{"index":279,"pertanyaan":"Kendaraan roda 3?","jawaban":"Wajar","deskripsi":"Ada bemo, bajaj, becak dan lain lain…"},{"index":280,"pertanyaan":"Bahasa indonesia eat","jawaban":"Salah","deskripsi":"Eat itu bahasa inggris bukan bahasa indonesia"},{"index":281,"pertanyaan":"Mobil tidak bisa jalan karena bannya..","jawaban":"Korang","deskripsi":"Kalo banya(k) orang kan emang ga bisa lewat kan.."},{"index":282,"pertanyaan":"Kambing jika ditusuk-tusuk dibakar jadinya?","jawaban":"Lari","deskripsi":"Salah apa kambing nya, sampe ditusuk ama dibakar 🙁"},{"index":283,"pertanyaan":"Air beriak tanda tak …","jawaban":"Kalem","deskripsi":"Kalau kalem pasti tenang, tidak beriak atau berisik."},{"index":284,"pertanyaan":"Hadiah yang romantis buat kamu itu…","jawaban":"Dilamar","deskripsi":"Selamat ya"},{"index":285,"pertanyaan":"Masakan enak khas padang","jawaban":"Nendang","deskripsi":"Karena makanan yang enak pasti rasanya nendang"},{"index":286,"pertanyaan":"Untuk menyalakan lampu kita harus tekan..","jawaban":"Sekali","deskripsi":"Klo dua kali ya mati kan?"},{"index":287,"pertanyaan":"Kalo minum di ?","jawaban":"Telan","deskripsi":"Klo disembur mbah dukun"},{"index":288,"pertanyaan":"Alat musik gesek…","jawaban":"Bunyi","deskripsi":"Ada biola, cello, rebab dan masih banyak lagi"},{"index":289,"pertanyaan":"Beli obat di","jawaban":"Minum","deskripsi":"Karena kalau tidak diminum di apain lagi"},{"index":290,"pertanyaan":"Jalan yang di bandung paling indah adalah jalan…","jawaban":"Denganmu","deskripsi":"Duh indahnya"},{"index":291,"pertanyaan":"Mobil parkir di","jawaban":"Matikan","deskripsi":"Kalo gak dimatiin mobilnya jalan"},{"index":292,"pertanyaan":"Pemuda mendapakan pacar karna suka bermain…","jawaban":"Mata","deskripsi":"Asal jangan main mata ama pacar orang…."},{"index":293,"pertanyaan":"Balonku ada lima","jawaban":"Duaar","deskripsi":"Meletus balon, hatiku sangat kacau hiks hiks…"},{"index":294,"pertanyaan":"Lawan mama","jawaban":"Dosa","deskripsi":"Kalo takut dosa jangan lawan kata mama"},{"index":295,"pertanyaan":"Seorang pemenang lomba biasanya mendapatkan","jawaban":"Ridho","deskripsi":"Kalo gak dapat ridho orang tua gak akan menang"},{"index":296,"pertanyaan":"Semua akan indah pada…","jawaban":"Haltidak","deskripsi":"Tidak semua berakhir indah thoo.."},{"index":297,"pertanyaan":"Hewan punya jari 6","jawaban":"Kocak","deskripsi":"Ya lucu lah kalo punya jari 6"},{"index":298,"pertanyaan":"Hewan apa yang paling aneh","jawaban":"Kupukupu","deskripsi":"Karena kalo siang makan nasi, kalo malam minum susu"},{"index":299,"pertanyaan":"Anaknya katak disebut..","jawaban":"Keluarga","deskripsi":"Kan ada induknya ya ada anaknya.."},{"index":300,"pertanyaan":"Air beriak tanda tak?","jawaban":"Datar","deskripsi":"Kalo beriak pasti bergelombang"},{"index":301,"pertanyaan":"Kotak apa yang ngga bisa dipindahin","jawaban":"Pinalti","deskripsi":"Coba aja kalo bisa"},{"index":302,"pertanyaan":"Apel rasanya","jawaban":"Capek","deskripsi":"Kalo apel bandera harus capek, kan berdiri"},{"index":303,"pertanyaan":"Di laut ada ikan paus teri dan ikan..","jawaban":"Tongkol","deskripsi":"Dan masih banyak lainnya"},{"index":304,"pertanyaan":"Orang makan karena?","jawaban":"Sadar","deskripsi":"Kalau gak sadar gak mungkin bisa makan"},{"index":305,"pertanyaan":"Kita bisa melihat wajah kita sendiri di..","jawaban":"Sima","deskripsi":"Ada kan foto kita di sim a, ya kan?"},{"index":306,"pertanyaan":"Lokasi 7 keajaiban dunia….","jawaban":"Mencar","deskripsi":"Borobudur ada di jogja, india ada taj mahal, dan masih banyak lainnya"},{"index":307,"pertanyaan":"Orang yang memimpin negara","jawaban":"Pastiada","deskripsi":"Orang yang memimpin negara ya pasti ada"},{"index":308,"pertanyaan":"Kalau ambulan lewat biasanya ada bunyi","jawaban":"Tintinn","deskripsi":"Kan kalau ambulan lewat tempat ramai pasti klakson"},{"index":309,"pertanyaan":"Kalajengking dan ular hidup..","jawaban":"Berdua","deskripsi":"Saya sebutkan kalajengking dan ular makanya berdua"},{"index":310,"pertanyaan":"Berani karena benar ___ karena salah","jawaban":"Bukan","deskripsi":"Wahaha gampang kan??"},{"index":311,"pertanyaan":"Dalam pertandingan sepak bola","jawaban":"Lihat","deskripsi":"Kalo ga lihat ngapain dia jaga gawang?!"},{"index":312,"pertanyaan":"Kura-kura adalah hewan yang memiliki..","jawaban":"Temencewe","deskripsi":"Boleh dong punya temen cewe, jangan posesif gitu dong.."},{"index":313,"pertanyaan":"Pemain bola yang jarang digubris lawan..","jawaban":"Sepele","deskripsi":"Gimana mau digubris, sepele banget sih.."},{"index":314,"pertanyaan":"Supaya tampil maksimal seorang penyanyi harus cek..","jawaban":"Saldo","deskripsi":"Jadi supaya nyanyinya ga ada beban, kan udah dibayar.."},{"index":315,"pertanyaan":"Jauh di mata dekat di","jawaban":"Sini","deskripsi":"Kalau disana jauh, sini aja"},{"index":316,"pertanyaan":"Cepat motor atau sepeda","jawaban":"Mobil","deskripsi":"Ya jelas kan mobil yang lebih cepat"},{"index":317,"pertanyaan":"Cincin dipakai dijari","jawaban":"Masuk","deskripsi":"Ya klo ga masuk ga bisa dipakai"},{"index":318,"pertanyaan":"Yang kita pakai ketika hujan..","jawaban":"Sayang","deskripsi":"Klo basah kena ujan kan sayang karena basah"},{"index":319,"pertanyaan":"Hewan yang nempel di tembok?","jawaban":"Capek","deskripsi":"Jalan melulu aja capek, apalagi nempel…"},{"index":320,"pertanyaan":"Jika anda dikelilingi 20 ekor singa apa yang akan anda lakukan?","jawaban":"Santai","deskripsi":"Kan cuman ekornya doang"},{"index":321,"pertanyaan":"Orang kedinginan","jawaban":"Remotac","deskripsi":"Suhu ac di remote 16°c, kucing aja kedinginan."},{"index":322,"pertanyaan":"Temennya upin??","jawaban":"Ijat","deskripsi":"Karna ipin adeknya"},{"index":323,"pertanyaan":"Petani mencangkul ke ?","jawaban":"Bawah","deskripsi":"Emang ada mencangkul ke atas"},{"index":324,"pertanyaan":"Gajah hanya di","jawaban":"Belakang","deskripsi":"Karena gajah huruf h nya ada di belakang"},{"index":325,"pertanyaan":"Dalam ilmu fisika zat padat menjadi zat cair di sebut proses..","jawaban":"Pegadaian","deskripsi":"Butuh dana cepat? 30 menit langsung cair!"},{"index":326,"pertanyaan":"Ani menggambar segita sama","jawaban":"Kiki","deskripsi":"pertanyaannya sedang kerja kelompok"},{"index":327,"pertanyaan":"Tidak memilih saat pemilu","jawaban":"Gaasik","deskripsi":"Pemilu menentukan nasib bangsa, ga milih ga asik"},{"index":328,"pertanyaan":"Kaki panas karena kena","jawaban":"Lpotnya","deskripsi":"Panas kena knalpotnya"},{"index":329,"pertanyaan":"Pencuri biasa mencuri di…","jawaban":"Amdiam","deskripsi":"Kalo berisik nanti ketahuan"},{"index":330,"pertanyaan":"Polisi mengatur jalan lalu …..","jawaban":"Lancar","deskripsi":"Kan abis ngatur jalan, lancar dong"},{"index":331,"pertanyaan":"Sedikit – sedikit lama lama jadi..","jawaban":"Banyak","deskripsi":"Sedikit kalo ditambah terus kan jadi banyak"},{"index":332,"pertanyaan":"…….. di balik batuu","jawaban":"Uutab","deskripsi":"Benar, kalau uutab di balik jadi batuuu"},{"index":333,"pertanyaan":"Ada semut ada","jawaban":"Enya","deskripsi":"Kalo nggak ada e nya ya smut"},{"index":334,"pertanyaan":"Orang yang jarang pergi kemana-mana disebut?","jawaban":"Kiper","deskripsi":"Lah kalo kemana-mana kebobolan dong!"},{"index":335,"pertanyaan":"Dunia tak selebar daun??","jawaban":"Betul","deskripsi":"Karena memang dunia tidak selebar daun"},{"index":336,"pertanyaan":"Singkatan dari tanah","jawaban":"Sda","deskripsi":"Benar! tanah, udara, dan air termasuk sda (sumber daya alam)"},{"index":337,"pertanyaan":"Hewan pemakan rumput","jawaban":"Kasihan","deskripsi":"Kasihan kan udah makan rumput dijadikan sate lagi.."},{"index":338,"pertanyaan":"Motor yang kenceng apanya ?","jawaban":"Bautnya","deskripsi":"Kalo gak kenceng bodynya lepas lah gimana ?"},{"index":339,"pertanyaan":"Kendaraan yang di tarik kuda..","jawaban":"Gaaman","deskripsi":"Karena ditarik seekor kuda kendaraanya bisa kecelakaan"},{"index":340,"pertanyaan":"Teman tarzan itu..","jawaban":"Kamu","deskripsi":"Kamu kan mirip kera, aku juga…"},{"index":341,"pertanyaan":"Apa yg di lakukan ayah ketika bulan ramadhan","jawaban":"Kerja","deskripsi":"Karna belum waktunya libur"},{"index":342,"pertanyaan":"Sebelum tuhan menciptakan alam. tuhan menciptakan?","jawaban":"Vetyvera","deskripsi":"Vetyvera kakak nya alam, duluan pasti lah ya"},{"index":343,"pertanyaan":"Mahluk hidup yang mempunyai persediaan air","jawaban":"Unta","deskripsi":"…"},{"index":344,"pertanyaan":"20 dibagi 2 dihitung…","jawaban":"Sedekah","deskripsi":"Kan uang 20 dibagi 2 dihitung sedekah"},{"index":345,"pertanyaan":"Gajah mati tinggalkan..","jawaban":"Dangnya","deskripsi":"Tinggal-kandangnya, kalau di hutan tinggalkan hutannya.."},{"index":346,"pertanyaan":"Galang menyimpan buku di…","jawaban":"Mas","deskripsi":"Bukunya dimas dipinjam galang kemarin sore"},{"index":347,"pertanyaan":"Barang yang bisa di pinjam","jawaban":"Ada","deskripsi":"Kalo ga ada ya ga bisa di pinjam"},{"index":348,"pertanyaan":"Cicak biasanya makan?","jawaban":"Nyammm","deskripsi":"Begitu bunyinya"},{"index":349,"pertanyaan":"Hujan turun dari..","jawaban":"Magrib","deskripsi":"Karena ashar belum turun"},{"index":350,"pertanyaan":"Seruling bila di tiup akan?","jawaban":"Basah","deskripsi":"Coba aja pegang seruling kalian kalo habis di tiup.."},{"index":351,"pertanyaan":"Kebanyakan orang tidur waktu","jawaban":"Merem","deskripsi":"Kalau gak merem ya bukan tidur"},{"index":352,"pertanyaan":"Duluan telur apa ayam","jawaban":"Adam","deskripsi":"Karena duluan nabi adam didunia sebelum ayam dan telur"},{"index":353,"pertanyaan":"Hari minggu disebut juga tanggal?","jawaban":"Tidak","deskripsi":"Kalo hari ya hari, kalo tanggal ya tanggal"},{"index":354,"pertanyaan":"Ketika berperang tentara membawa..","jawaban":"Sepatunya","deskripsi":"Kalo nyeker sakit dong kakinya.."},{"index":355,"pertanyaan":"Seekor ayam dinamakan ….","jawaban":"Kenyang","deskripsi":"Yaa dina makan ayam kan jadi kenyang"},{"index":356,"pertanyaan":"Bawa mobil harus bawa","jawaban":"Satu","deskripsi":"Kalo bawa dua gimana coba ..?!?!"},{"index":357,"pertanyaan":"Habis ….. sepah dibuang","jawaban":"Makan","deskripsi":"Iyakan..kalau sudah dimakan ya dibuang"},{"index":358,"pertanyaan":"Motor memiliki roda","jawaban":"Iya","deskripsi":"Motor jelas punya roda klo gak punya gak bisa jalan dong"},{"index":359,"pertanyaan":"Roda itu selalu….","jawaban":"Berwarna","deskripsi":"Gak ada roda yang gak ada warnanya"},{"index":360,"pertanyaan":"Di jalan raya biasanya ada..","jawaban":"Lampu","deskripsi":"Kalo ga ada lampu ntar ga keliatan dong.."},{"index":361,"pertanyaan":"Selain tarik tambang warga merayakan 17an dengan?","jawaban":"Panjatkandoa","deskripsi":"Karna biar barokah"},{"index":362,"pertanyaan":"Alat musik gesek","jawaban":"Biasa","deskripsi":"Karena sudah biasa ada dipasaran"},{"index":363,"pertanyaan":"Tempat ngopi disebut…","jawaban":"Kali","deskripsi":"Hohoho enak kan ngopi dipinggir kali sore-sore.."},{"index":364,"pertanyaan":"Unta hidup di…","jawaban":"Alam","deskripsi":"Memang semua makhluk hidup tinggal di alam"},{"index":365,"pertanyaan":"Apa sebutan untuk seorang yang telah mengambil kemudian pergi","jawaban":"Mantan","deskripsi":"Karena mantan adalah pencuri hati yang menyakiti kemudian pergi"},{"index":366,"pertanyaan":"Nasi sudah menjadi","jawaban":"Syukur","deskripsi":"Kalau nasi sudah jadi yah harus bersyukur"},{"index":367,"pertanyaan":"Yang sering dibawa dilihat dibaca pelajar","jawaban":"Babv","deskripsi":"Bab lima ada disetiap buku pelajaran"},{"index":368,"pertanyaan":"Pak rt bisa terbang","jawaban":"Tiket","deskripsi":"Kalo mau terbang naik pesawat harus punya tiket"},{"index":369,"pertanyaan":"Kebiasaan apa yang dilakukan ketika minum kopi?","jawaban":"Sruput","deskripsi":"Biar lebih berasa kopinya, ya gak!"},{"index":370,"pertanyaan":"Pada lap terakhir rossi memotong marquest pasti….","jawaban":"Kungan","deskripsi":"Rossi paling hebat di tikungan ."},{"index":371,"pertanyaan":"Candi prambanan adalah peninggalan dari jaman..","jawaban":"Dahulu","deskripsi":"Sekarang ga ada lagi yang bikin candi ya"},{"index":372,"pertanyaan":"Anak tidak masuk sekolah karena…","jawaban":"Diluar","deskripsi":"Kalo ada di dalem berarti dia masuk sekolah"},{"index":373,"pertanyaan":"Teman yg membantu batman saat melawan 50 musuh adalah?","jawaban":"Repot","deskripsi":"Repot lah 50 musuh….aduhhhh.."},{"index":374,"pertanyaan":"Patung merlion ada di","jawaban":"Tempatnya","deskripsi":"Ditempatnya dong, masa patung jalan-jalan"},{"index":375,"pertanyaan":"Ikan bernafas dengan","jawaban":"Tenang","deskripsi":"Kalo gelagapan bisa mati"},{"index":376,"pertanyaan":"Motor jatuh karena","jawaban":"Galiat","deskripsi":"Karena di depannya ada galian, dia galiat.. ya jatuh"},{"index":377,"pertanyaan":"Orang mati karena kehilangan…","jawaban":"Nafas","deskripsi":"Masa orang mati nafas"},{"index":378,"pertanyaan":"Kalau semut kecil","jawaban":"Hewan","deskripsi":"Saya gak salah kan?"},{"index":379,"pertanyaan":"Bendera nkri warnanya….","jawaban":"Cumaduaaja","deskripsi":"Kapan warnanya tiga?"},{"index":380,"pertanyaan":"Pemain real madrid bernomor punggung 11","jawaban":"Bule","deskripsi":"Kan gareth bale emang bule. gitu aja kok susah"},{"index":381,"pertanyaan":"Ada raja","jawaban":"Yatim","deskripsi":"Kan bapanya mati 🙁"},{"index":382,"pertanyaan":"Teh diberi es jadi","jawaban":"Seger","deskripsi":"Apalagi pas cuaca panas"},{"index":383,"pertanyaan":"Kita melihat bintang di..","jawaban":"Pundak","deskripsi":"Kan dipundak jendral, pangkat itu lho.."},{"index":384,"pertanyaan":"Kaki menginjak kaca….","jawaban":"Mata","deskripsi":"Yah ga bisa lihat…rusak kacamatanya…"},{"index":385,"pertanyaan":"Bisa kuat makan bayam?","jawaban":"Toploe","deskripsi":"Bener2 top, saya aja lemes klo bayam doang"},{"index":386,"pertanyaan":"Perbuatan yang bikin heran","jawaban":"Bersiul","deskripsi":"Tuh kan heran.."},{"index":387,"pertanyaan":"Bagaimana cara menambah teman dalam waktu sekejap","jawaban":"Nembakcewe","deskripsi":"Kalau di tolak pasti bilang kita temenan aja..kasian"},{"index":388,"pertanyaan":"Yang sering mengganggu manusia saat ingin melakukan kebaikan?","jawaban":"Nakal","deskripsi":"Kok mau berbuat baik di ganggu? nakal banget yah"},{"index":389,"pertanyaan":"Jika mau pergi ke acara kondangan","jawaban":"Anrapi","deskripsi":"Gitu dong, rapi kan ganteng"},{"index":390,"pertanyaan":"Pohon yg tumbuh setelah bulan puasa","jawaban":"Maaf","deskripsi":"Pohon maaf lahir batin ya"},{"index":391,"pertanyaan":"Ada domba sebelas di truk","jawaban":"Sebelas","deskripsi":"Kan cuma loncat doang gak kabur"},{"index":392,"pertanyaan":"Jalan bebas macet","jawaban":"Top","deskripsi":"Berarti jalan tol pasti top"},{"index":393,"pertanyaan":"Yang membantu dokter…","jawaban":"Sembuh","deskripsi":"Yang membantu dokter, insya allah sembuh.."},{"index":394,"pertanyaan":"Pantai di jakarta?","jawaban":"Abiss","deskripsi":"Lama lama abis karena limbah, sedih"},{"index":395,"pertanyaan":"Hewan yang dapat berubah warna kulitnya","jawaban":"Canggih","deskripsi":"(bunglon) karena hewan yang bisa berubah warna itu canggih kan!"},{"index":396,"pertanyaan":"Apa yang biasa maling lakukan saat sabtu malam minggu","jawaban":"Nyuci","deskripsi":"pertanyaannya bajunya bau, karena waktu jumat malam sabtu buat lari dikejar warga"},{"index":397,"pertanyaan":"Hewan yang hinggap dimakanan","jawaban":"Lapar","deskripsi":"Ya kan karena lapar"},{"index":398,"pertanyaan":"Bersatu kita teguh bercerai kita…","jawaban":"Pisah","deskripsi":"Klo sudah cerai yah pasti pisah lah"},{"index":399,"pertanyaan":"Jakarta macet si….lewat","jawaban":"Aplo","deskripsi":"Jakarta macet siap emang lo lewat ??"},{"index":400,"pertanyaan":"Orang yang sering datang ke kampus","jawaban":"Masihidup","deskripsi":"Yaa klo udah mati gak bisa ke kampus"},{"index":401,"pertanyaan":"Dalam satu tahun…..bulan","jawaban":"Cumasatu","deskripsi":"Walaupun nunggu lima tahun juga, bulan tetap satu jumlahnya."},{"index":402,"pertanyaan":"Setelah lulus sekolah lanjut","jawaban":"Pulang","deskripsi":"Pulang…kasih kabar orang tua, selamat yah!"},{"index":403,"pertanyaan":"Seekor rusa memiliki..","jawaban":"Temann","deskripsi":"Saking banyak teman nya ampe lebih n nya…"},{"index":404,"pertanyaan":"Kartun ninja asal jepang","jawaban":"Nonton","deskripsi":"pertanyaannya kartunnya seru"},{"index":405,"pertanyaan":"Agus pengen bermain bola di..","jawaban":"Bolehkan","deskripsi":"Dibolehkan sama orang tuanya, kalau enggak nanti agus nangis"},{"index":406,"pertanyaan":"Hewan apa yang pintar memprediksi cuaca","jawaban":"Harimau","deskripsi":"Harimau hujan, harimau panas, kalau malam harimau gelap.."},{"index":407,"pertanyaan":"Bola apa yang mirip kucing?","jawaban":"Bolaemon","deskripsi":"Hai baling baling bambuuu"},{"index":408,"pertanyaan":"Yang mengemudikan kereta….","jawaban":"Masagus","deskripsi":"Mas agus tetangga saya lho ya…."},{"index":409,"pertanyaan":"Lari jarak jauh","jawaban":"Malesah","deskripsi":"Kan jauh,belom lagi panas.."},{"index":410,"pertanyaan":"Kalau tidur jangan lupa","jawaban":"Bangun","deskripsi":"Kalo gak bangun bisa gawat"},{"index":411,"pertanyaan":"Gorila apa yang sebesar gedung?","jawaban":"Kegedean","deskripsi":"Mana ada gorila yang sebesar gedung…."},{"index":412,"pertanyaan":"Sedikit sedikit lama lama jadi….","jawaban":"Dikit","deskripsi":"Kan sedikit jadi dikit lh di ambil terus"},{"index":413,"pertanyaan":"Pak polisi menilang pelanggar dengan?","jawaban":"Prriit","deskripsi":"Kalau gak di prriiit gak minggir dong pelanggar nya"}]