[{"name":"Alya Amanda","image":"./media/image/jkt48/alya_amanda.jpg"},{"name":"Amanda Sukma","image":"./media/image/jkt48/amanda_sukma.jpg"},{"name":"Angelina Christy","image":"./media/image/jkt48/angelina_christy.jpg"},{"name":"Anindya Ramadhani","image":"./media/image/jkt48/anindya_ramadhani.jpg"},{"name":"Aurellia","image":"./media/image/jkt48/aurellia.jpg"},{"name":"Cathleen Nixie","image":"./media/image/jkt48/cathleen_nixie.jpg"},{"name":"Celline Thefani","image":"./media/image/jkt48/celline_thefani.jpg"},{"name":"Chelsea Davina","image":"./media/image/jkt48/chelsea_davina.jpg"},{"name":"Cornelia Vanisa","image":"./media/image/jkt48/cornelia_vanisa.jpg"},{"name":"Cynthia Yaputera","image":"./media/image/jkt48/cynthia_yaputera.jpg"},{"name":"Dena Natalia","image":"./media/image/jkt48/dena_natalia.jpg"},{"name":"Desy Natalia","image":"./media/image/jkt48/desy_natalia.jpg"},{"name":"Febriola Sinambela","image":"./media/image/jkt48/febriola_sinambela.jpg"},{"name":"Feni Fitriyanti","image":"./media/image/jkt48/feni_fitriyanti.jpg"},{"name":"Fiony Alveria","image":"./media/image/jkt48/fiony_alveria.jpg"},{"name":"Flora Shafiq","image":"./media/image/jkt48/flora_shafiq.jpg"},{"name":"Freya Jayawardana","image":"./media/image/jkt48/freya_jayawardana.jpg"},{"name":"Gabriela Abigail","image":"./media/image/jkt48/gabriela_abigail.jpg"},{"name":"Gendis Mayrannisa","image":"./media/image/jkt48/gendis_mayrannisa.jpg"},{"name":"Gita Sekar Andarini","image":"./media/image/jkt48/gita_sekar_andarini.jpg"},{"name":"Grace Octaviani","image":"./media/image/jkt48/grace_octaviani.jpg"},{"name":"Greesella Adhalia","image":"./media/image/jkt48/greesella_adhalia.jpg"},{"name":"Helisma Putri","image":"./media/image/jkt48/helisma_putri.jpg"},{"name":"Indah Cahya","image":"./media/image/jkt48/indah_cahya.jpg"},{"name":"Indira Seruni","image":"./media/image/jkt48/indira_seruni.jpg"},{"name":"Jessica Chandra","image":"./media/image/jkt48/jessica_chandra.jpg"},{"name":"Jesslyn Elly","image":"./media/image/jkt48/jesslyn_elly.jpg"},{"name":"Kathrina Irene","image":"./media/image/jkt48/kathrina_irene.jpg"},{"name":"Lulu Salsabila","image":"./media/image/jkt48/lulu_salsabila.jpg"},{"name":"Marsha Lenathea","image":"./media/image/jkt48/marsha_lenathea.jpg"},{"name":"Michelle Alexandra","image":"./media/image/jkt48/michelle_alexandra.jpg"},{"name":"Mutiara Azzahra","image":"./media/image/jkt48/mutiara_azzahra.jpg"},{"name":"Raisha Syifa","image":"./media/image/jkt48/raisha_syifa.jpg"},{"name":"Shania Gracia","image":"./media/image/jkt48/shania_gracia.jpg"}]