[{"code":"af","country":"Afrikaans"},{"code":"sq","country":"Albanian"},{"code":"ar","country":"Arabic"},{"code":"ar-dz","country":"Arabic (Algeria)"},{"code":"ar-kw","country":"Arabic (Kuwait)"},{"code":"ar-ly","country":"Arabic (Lybia)"},{"code":"ar-ma","country":"Arabic (Morocco)"},{"code":"ar-sa","country":"Arabic (Saudi Arabia)"},{"code":"ar-tn","country":"Arabic (Tunisia)"},{"code":"hy-am","country":"Armenian"},{"code":"az","country":"Azerbaijani"},{"code":"bm","country":"Bambara"},{"code":"eu","country":"Basque"},{"code":"be","country":"Belarusian"},{"code":"bn","country":"Bengali"},{"code":"bs","country":"Bosnian"},{"code":"br","country":"Breton"},{"code":"bg","country":"Bulgarian"},{"code":"my","country":"Burmese"},{"code":"km","country":"Cambodian"},{"code":"ca","country":"Catalan"},{"code":"tzm","country":"Central Atlas Tamazight"},{"code":"tzm-latn","country":"Central Atlas Tamazight Latin"},{"code":"zh-cn","country":"Chinese (China)"},{"code":"zh-hk","country":"Chinese (Hong Kong)"},{"code":"zh-tw","country":"Chinese (Taiwan)"},{"code":"cv","country":"Chuvash"},{"code":"hr","country":"Croatian"},{"code":"cs","country":"Czech"},{"code":"da","country":"Danish"},{"code":"nl","country":"Dutch"},{"code":"nl-be","country":"Dutch (Belgium)"},{"code":"en-au","country":"English (Australia)"},{"code":"en-ca","country":"English (Canada)"},{"code":"en-ie","country":"English (Ireland)"},{"code":"en-il","country":"English (Israel)"},{"code":"en-nz","country":"English (New Zealand)"},{"code":"en-gb","country":"English (United Kingdom)"},{"code":"en","country":"English (United States)"},{"code":"eo","country":"Esperanto"},{"code":"et","country":"Estonian"},{"code":"fo","country":"Faroese"},{"code":"fi","country":"Finnish"},{"code":"fr","country":"French"},{"code":"fr-ca","country":"French (Canada)"},{"code":"fr-ch","country":"French (Switzerland)"},{"code":"fy","country":"Frisian"},{"code":"gl","country":"Galician"},{"code":"ka","country":"Georgian"},{"code":"de","country":"German"},{"code":"de-at","country":"German (Austria)"},{"code":"de-ch","country":"German (Switzerland)"},{"code":"el","country":"Greek"},{"code":"gu","country":"Gujarati"},{"code":"he","country":"Hebrew"},{"code":"hi","country":"Hindi"},{"code":"hu","country":"Hungarian"},{"code":"is","country":"Icelandic"},{"code":"id","country":"Indonesian"},{"code":"it","country":"Italian"},{"code":"ja","country":"Japanese"},{"code":"jv","country":"Javanese"},{"code":"kn","country":"Kannada"},{"code":"kk","country":"Kazakh"},{"code":"tlh","country":"Klingon"},{"code":"gom-latn","country":"Konkani Latin script"},{"code":"ko","country":"Korean"},{"code":"ky","country":"Kyrgyz"},{"code":"lo","country":"Lao"},{"code":"lv","country":"Latvian"},{"code":"lt","country":"Lithuanian"},{"code":"lb","country":"Luxembourgish"},{"code":"mk","country":"Macedonian"},{"code":"ms-my","country":"Malay"},{"code":"ms","country":"Malay"},{"code":"ml","country":"Malayalam"},{"code":"dv","country":"Maldivian"},{"code":"mt","country":"Maltese (Malta)"},{"code":"mi","country":"Maori"},{"code":"mr","country":"Marathi"},{"code":"mn","country":"Mongolian"},{"code":"me","country":"Montenegrin"},{"code":"ne","country":"Nepalese"},{"code":"se","country":"Northern Sami"},{"code":"nb","country":"Norwegian Bokmål"},{"code":"nn","country":"Nynorsk"},{"code":"fa","country":"Persian"},{"code":"pl","country":"Polish"},{"code":"pt","country":"Portuguese"},{"code":"pt-br","country":"Portuguese (Brazil)"},{"code":"x-pseudo","country":"Pseudo"},{"code":"pa-in","country":"Punjabi (India)"},{"code":"ro","country":"Romanian"},{"code":"ru","country":"Russian"},{"code":"gd","country":"Scottish Gaelic"},{"code":"sr","country":"Serbian"},{"code":"sr-cyrl","country":"Serbian Cyrillic"},{"code":"sd","country":"Sindhi"},{"code":"si","country":"Sinhalese"},{"code":"sk","country":"Slovak"},{"code":"sl","country":"Slovenian"},{"code":"es","country":"Spanish"},{"code":"es-do","country":"Spanish (Dominican Republic)"},{"code":"es-us","country":"Spanish (United States)"},{"code":"sw","country":"Swahili"},{"code":"sv","country":"Swedish"},{"code":"tl-ph","country":"Tagalog (Philippines)"},{"code":"tg","country":"Tajik"},{"code":"tzl","country":"Talossan"},{"code":"ta","country":"Tamil"},{"code":"te","country":"Telugu"},{"code":"tet","country":"Tetun Dili (East Timor)"},{"code":"th","country":"Thai"},{"code":"bo","country":"Tibetan"},{"code":"tr","country":"Turkish"},{"code":"uk","country":"Ukrainian"},{"code":"ur","country":"Urdu"},{"code":"ug-cn","country":"Uyghur (China)"},{"code":"uz","country":"Uzbek"},{"code":"uz-latn","country":"Uzbek Latin"},{"code":"vi","country":"Vietnamese"},{"code":"cy","country":"Welsh"},{"code":"yo","country":"Yoruba Nigeria"},{"code":"ss","country":"siSwati"}]